<?xml version="1.0" encoding="UTF-8"?>
<!DOCTYPE plist PUBLIC "-//Apple//DTD PLIST 1.0//EN" "http://www.apple.com/DTDs/PropertyList-1.0.dtd">
<plist version="1.0">
<dict>
	<key>ProjFilesArray</key>
	<array>
		<dict>
			<key>DestPath</key>
			<string>/Users/vincent/Documents/programmer-avec-r/video/Raccourci clavier RStudio.cmproj/recordings/1506020609.821925/Rec 09-21-17.trec</string>
			<key>SourceInfoDict</key>
			<dict>
				<key>SourceInfoDict_SrcAliasData</key>
				<data>
				AAAAAAJaAAIAAAxNYWNpbnRvc2ggSEQAAAAAAAAAAAAA
				AAAAAADNyMDqSCsAAANzzE8RUmVjIDA5LTIxLTE3LnRy
				ZWMAAAAAAAAAAAAAAAAAAAAAAAAAAAAAAAAAAAAAAAAA
				AAAAAAAAAAAAAAAAAAAAA3PMUdXpffIAAAAAAAAAAP//
				//8AAAkgAAAAAAAAAAAAAAAAAAAAETE1MDYwMjA2MDku
				ODIxOTI1AAAQAAgAAM3I+SoAAAARAAgAANXptjIAAAAB
				ACADc8xPA3O7VgNzu1UDbBSuA0Af8gAFwFYABcBVAAIS
				KQACAJNNYWNpbnRvc2ggSEQ6VXNlcnM6AHZpbmNlbnQ6
				AERvY3VtZW50czoAcHJvZ3JhbW1lci1hdmVjLXI6AHZp
				ZGVvOgBSYWNjb3VyY2kgY2xhdmllciBSU3R1ZCMzNzNC
				QjU1OgByZWNvcmRpbmdzOgAxNTA2MDIwNjA5LjgyMTky
				NToAUmVjIDA5LTIxLTE3LnRyZWMAAA4AJAARAFIAZQBj
				ACAAMAA5AC0AMgAxAC0AMQA3AC4AdAByAGUAYwAPABoA
				DABNAGEAYwBpAG4AdABvAHMAaAAgAEgARAASAH9Vc2Vy
				cy92aW5jZW50L0RvY3VtZW50cy9wcm9ncmFtbWVyLWF2
				ZWMtci92aWRlby9SYWNjb3VyY2kgY2xhdmllciBSU3R1
				ZGlvLmNtcHJvai9yZWNvcmRpbmdzLzE1MDYwMjA2MDku
				ODIxOTI1L1JlYyAwOS0yMS0xNy50cmVjAAATAAEvAAAV
				AAIADv//AAA=
				</data>
				<key>SourceInfoDict_SrcPath</key>
				<string>/Users/vincent/Documents/programmer-avec-r/video/Raccourci clavier RStudio.cmproj/recordings/1506020609.821925/Rec 09-21-17.trec</string>
			</dict>
		</dict>
		<dict>
			<key>DestPath</key>
			<string>/Users/vincent/Documents/programmer-avec-r/video/Raccourci clavier RStudio.cmproj/media/1506020609.822295/by-sa.pdf</string>
			<key>SourceInfoDict</key>
			<dict>
				<key>SourceInfoDict_SrcAliasData</key>
				<data>
				AAAAAAIuAAIAAAxNYWNpbnRvc2ggSEQAAAAAAAAAAAAA
				AAAAAADNyMDqSCsAAANzzFAJYnktc2EucGRmAAAAAAAA
				AAAAAAAAAAAAAAAAAAAAAAAAAAAAAAAAAAAAAAAAAAAA
				AAAAAAAAAAAAAAAAAAAAA3PMVdB4a6cAAAAAAAAAAP//
				//8AAAkgAAAAAAAAAAAAAAAAAAAAETE1MDYwMjA2MDku
				ODIyMjk1AAAQAAgAAM3I+SoAAAARAAgAANB4o+cAAAAB
				ACADc8xQA3O7VwNzu1UDbBSuA0Af8gAFwFYABcBVAAIS
				KQACAIZNYWNpbnRvc2ggSEQ6VXNlcnM6AHZpbmNlbnQ6
				AERvY3VtZW50czoAcHJvZ3JhbW1lci1hdmVjLXI6AHZp
				ZGVvOgBSYWNjb3VyY2kgY2xhdmllciBSU3R1ZCMzNzNC
				QjU1OgBtZWRpYToAMTUwNjAyMDYwOS44MjIyOTU6AGJ5
				LXNhLnBkZgAOABQACQBiAHkALQBzAGEALgBwAGQAZgAP
				ABoADABNAGEAYwBpAG4AdABvAHMAaAAgAEgARAASAHJV
				c2Vycy92aW5jZW50L0RvY3VtZW50cy9wcm9ncmFtbWVy
				LWF2ZWMtci92aWRlby9SYWNjb3VyY2kgY2xhdmllciBS
				U3R1ZGlvLmNtcHJvai9tZWRpYS8xNTA2MDIwNjA5Ljgy
				MjI5NS9ieS1zYS5wZGYAEwABLwAAFQACAA7//wAA
				</data>
				<key>SourceInfoDict_SrcPath</key>
				<string>/Users/vincent/Documents/programmer-avec-r/video/Raccourci clavier RStudio.cmproj/media/1506020609.822295/by-sa.pdf</string>
			</dict>
		</dict>
		<dict>
			<key>DestPath</key>
			<string>/Users/vincent/Documents/programmer-avec-r/video/Raccourci clavier RStudio.cmproj/media/1506022087.380568/Fillmore,_Henry_-_Miss_Trombone_(1911)-music.mp3</string>
			<key>SourceInfoDict</key>
			<dict>
				<key>SourceInfoDict_SrcAliasData</key>
				<data>
				AAAAAAK6AAIAAAxNYWNpbnRvc2ggSEQAAAAAAAAAAAAA
				AAAAAADNyMDqSCsAAANz3gofRmlsbG1vcmUsX0hlbnJ5
				Xy1fTSMzNzNERTBDLm1wMwAAAAAAAAAAAAAAAAAAAAAA
				AAAAAAAAAAAAAAAAAAAAA3PeDNXpiYoAAAAAAAAAAP//
				//8AAAkgAAAAAAAAAAAAAAAAAAAAETE1MDYwMjIwODcu
				MzgwNTY4AAAQAAgAAM3I+SoAAAARAAgAANXpwcoAAAAB
				ACADc94KA3O7VwNzu1UDbBSuA0Af8gAFwFYABcBVAAIS
				KQACAJxNYWNpbnRvc2ggSEQ6VXNlcnM6AHZpbmNlbnQ6
				AERvY3VtZW50czoAcHJvZ3JhbW1lci1hdmVjLXI6AHZp
				ZGVvOgBSYWNjb3VyY2kgY2xhdmllciBSU3R1ZCMzNzNC
				QjU1OgBtZWRpYToAMTUwNjAyMjA4Ny4zODA1Njg6AEZp
				bGxtb3JlLF9IZW5yeV8tX00jMzczREUwQy5tcDMADgBi
				ADAARgBpAGwAbABtAG8AcgBlACwAXwBIAGUAbgByAHkA
				XwAtAF8ATQBpAHMAcwBfAFQAcgBvAG0AYgBvAG4AZQBf
				ACgAMQA5ADEAMQApAC0AbQB1AHMAaQBjAC4AbQBwADMA
				DwAaAAwATQBhAGMAaQBuAHQAbwBzAGgAIABIAEQAEgCZ
				VXNlcnMvdmluY2VudC9Eb2N1bWVudHMvcHJvZ3JhbW1l
				ci1hdmVjLXIvdmlkZW8vUmFjY291cmNpIGNsYXZpZXIg
				UlN0dWRpby5jbXByb2ovbWVkaWEvMTUwNjAyMjA4Ny4z
				ODA1NjgvRmlsbG1vcmUsX0hlbnJ5Xy1fTWlzc19Ucm9t
				Ym9uZV8oMTkxMSktbXVzaWMubXAzAAATAAEvAAAVAAIA
				Dv//AAA=
				</data>
				<key>SourceInfoDict_SrcPath</key>
				<string>/Users/vincent/Documents/programmer-avec-r/video/Raccourci clavier RStudio.cmproj/media/1506022087.380568/Fillmore,_Henry_-_Miss_Trombone_(1911)-music.mp3</string>
			</dict>
		</dict>
	</array>
</dict>
</plist>
