<?xml version="1.0" encoding="UTF-8"?>
<!DOCTYPE plist PUBLIC "-//Apple//DTD PLIST 1.0//EN" "http://www.apple.com/DTDs/PropertyList-1.0.dtd">
<plist version="1.0">
<dict>
	<key>ProjFilesArray</key>
	<array>
		<dict>
			<key>DestPath</key>
			<string>/Users/vincent/Documents/methodes_numeriques/trunk/capsules/Presentation langage R - 2.cmproj/media/1389404444.086354/couv_partie1.jpg</string>
			<key>SourceInfoDict</key>
			<dict>
				<key>SourceInfoDict_SrcAliasData</key>
				<data>
				AAAAAAJoAAIAAAxNYWNpbnRvc2ggSEQAAAAAAAAAAAAA
				AAAAAADNyMDqSCsAAABnTxkQY291dl9wYXJ0aWUxLmpw
				ZwAAAAAAAAAAAAAAAAAAAAAAAAAAAAAAAAAAAAAAAAAA
				AAAAAAAAAAAAAAAAAAAAAGdPHM37sKIAAAAAAAAAAP//
				//8AAAkgAAAAAAAAAAAAAAAAAAAAETEzODk0MDQ0NDQu
				MDg2MzU0AAAQAAgAAM3I+SoAAAARAAgAAM376OIAAAAB
				ACQAZ08ZAGdOXwBnTl0AEjHUABIx0gASMakABcBWAAXA
				VQACEikAAgCZTWFjaW50b3NoIEhEOlVzZXJzOgB2aW5j
				ZW50OgBEb2N1bWVudHM6AG1ldGhvZGVzX251bWVyaXF1
				ZXM6AHRydW5rOgBjYXBzdWxlczoAUHJlc2VudGF0aW9u
				IGxhbmdhZ2UgUiAtIzY3NEU1RDoAbWVkaWE6ADEzODk0
				MDQ0NDQuMDg2MzU0OgBjb3V2X3BhcnRpZTEuanBnAAAO
				ACIAEABjAG8AdQB2AF8AcABhAHIAdABpAGUAMQAuAGoA
				cABnAA8AGgAMAE0AYQBjAGkAbgB0AG8AcwBoACAASABE
				ABIAhVVzZXJzL3ZpbmNlbnQvRG9jdW1lbnRzL21ldGhv
				ZGVzX251bWVyaXF1ZXMvdHJ1bmsvY2Fwc3VsZXMvUHJl
				c2VudGF0aW9uIGxhbmdhZ2UgUiAtIDIuY21wcm9qL21l
				ZGlhLzEzODk0MDQ0NDQuMDg2MzU0L2NvdXZfcGFydGll
				MS5qcGcAABMAAS8AABUAAgAO//8AAA==
				</data>
				<key>SourceInfoDict_SrcPath</key>
				<string>/Users/vincent/Documents/methodes_numeriques/trunk/capsules/Presentation langage R - 2.cmproj/media/1389404444.086354/couv_partie1.jpg</string>
			</dict>
		</dict>
		<dict>
			<key>DestPath</key>
			<string>/Users/vincent/Documents/methodes_numeriques/trunk/capsules/Presentation langage R - 2.cmproj/media/1389404444.086678/04 Le Chat Botté.m4a</string>
			<key>SourceInfoDict</key>
			<dict>
				<key>SourceInfoDict_SrcAliasData</key>
				<data>
				AAAAAAJ8AAIAAAxNYWNpbnRvc2ggSEQAAAAAAAAAAAAA
				AAAAAADNyMDqSCsAAABnTxoUMDQgTGUgQ2hhdCBCb3R0
				ji5tNGEAAAAAAAAAAAAAAAAAAAAAAAAAAAAAAAAAAAAA
				AAAAAAAAAAAAAAAAAAAAAGdPHs37sKIAAAAAAAAAAP//
				//8AAAkgAAAAAAAAAAAAAAAAAAAAETEzODk0MDQ0NDQu
				MDg2Njc4AAAQAAgAAM3I+SoAAAARAAgAAM376OIAAAAB
				ACQAZ08aAGdOXwBnTl0AEjHUABIx0gASMakABcBWAAXA
				VQACEikAAgCdTWFjaW50b3NoIEhEOlVzZXJzOgB2aW5j
				ZW50OgBEb2N1bWVudHM6AG1ldGhvZGVzX251bWVyaXF1
				ZXM6AHRydW5rOgBjYXBzdWxlczoAUHJlc2VudGF0aW9u
				IGxhbmdhZ2UgUiAtIzY3NEU1RDoAbWVkaWE6ADEzODk0
				MDQ0NDQuMDg2Njc4OgAwNCBMZSBDaGF0IEJvdHSOLm00
				YQAADgAsABUAMAA0ACAATABlACAAQwBoAGEAdAAgAEIA
				bwB0AHQAZQMBAC4AbQA0AGEADwAaAAwATQBhAGMAaQBu
				AHQAbwBzAGgAIABIAEQAEgCLVXNlcnMvdmluY2VudC9E
				b2N1bWVudHMvbWV0aG9kZXNfbnVtZXJpcXVlcy90cnVu
				ay9jYXBzdWxlcy9QcmVzZW50YXRpb24gbGFuZ2FnZSBS
				IC0gMi5jbXByb2ovbWVkaWEvMTM4OTQwNDQ0NC4wODY2
				NzgvMDQgTGUgQ2hhdCBCb3R0ZcyBLm00YQAAEwABLwAA
				FQACAA7//wAA
				</data>
				<key>SourceInfoDict_SrcPath</key>
				<string>/Users/vincent/Documents/methodes_numeriques/trunk/capsules/Presentation langage R - 2.cmproj/media/1389404444.086678/04 Le Chat Botté.m4a</string>
			</dict>
		</dict>
		<dict>
			<key>DestPath</key>
			<string>/Users/vincent/Documents/methodes_numeriques/trunk/capsules/Presentation langage R - 2.cmproj/recordings/1389404444.087221/Rec 01-10-14 4.cmrec</string>
			<key>SourceInfoDict</key>
			<dict>
				<key>SourceInfoDict_SrcAliasData</key>
				<data>
				AAAAAAKAAAIAAQxNYWNpbnRvc2ggSEQAAAAAAAAAAAAA
				AAAAAADNyMDqSCsAAABnTxsUUmVjIDAxLTEwLTE0IDQu
				Y21yZWMAAAAAAAAAAAAAAAAAAAAAAAAAAAAAAAAAAAAA
				AAAAAAAAAAAAAAAAAAAAAGdPIM72Cs0AAAAAAAAAAP//
				//8AAAkgAAAAAAAAAAAAAAAAAAAAETEzODk0MDQ0NDQu
				MDg3MjIxAAAQAAgAAM3I+SoAAAARAAgAAM72UR0AAAAB
				ACQAZ08bAGdOXgBnTl0AEjHUABIx0gASMakABcBWAAXA
				VQACEikAAgCiTWFjaW50b3NoIEhEOlVzZXJzOgB2aW5j
				ZW50OgBEb2N1bWVudHM6AG1ldGhvZGVzX251bWVyaXF1
				ZXM6AHRydW5rOgBjYXBzdWxlczoAUHJlc2VudGF0aW9u
				IGxhbmdhZ2UgUiAtIzY3NEU1RDoAcmVjb3JkaW5nczoA
				MTM4OTQwNDQ0NC4wODcyMjE6AFJlYyAwMS0xMC0xNCA0
				LmNtcmVjAA4AKgAUAFIAZQBjACAAMAAxAC0AMQAwAC0A
				MQA0ACAANAAuAGMAbQByAGUAYwAPABoADABNAGEAYwBp
				AG4AdABvAHMAaAAgAEgARAASAI5Vc2Vycy92aW5jZW50
				L0RvY3VtZW50cy9tZXRob2Rlc19udW1lcmlxdWVzL3Ry
				dW5rL2NhcHN1bGVzL1ByZXNlbnRhdGlvbiBsYW5nYWdl
				IFIgLSAyLmNtcHJvai9yZWNvcmRpbmdzLzEzODk0MDQ0
				NDQuMDg3MjIxL1JlYyAwMS0xMC0xNCA0LmNtcmVjABMA
				AS8AABUAAgAO//8AAA==
				</data>
				<key>SourceInfoDict_SrcPath</key>
				<string>/Users/vincent/Documents/methodes_numeriques/trunk/capsules/Presentation langage R - 2.cmproj/recordings/1389404444.087221/Rec 01-10-14 4.cmrec</string>
			</dict>
		</dict>
		<dict>
			<key>DestPath</key>
			<string>/Users/vincent/Documents/methodes_numeriques/trunk/capsules/Presentation langage R - 2.cmproj/recordings/1389424173.936677/Rec 01-11-14.cmrec</string>
			<key>SourceInfoDict</key>
			<dict>
				<key>SourceInfoDict_SrcAliasData</key>
				<data>
				AAAAAAJ4AAIAAQxNYWNpbnRvc2ggSEQAAAAAAAAAAAAA
				AAAAAADNyMDqSCsAAABnXB4SUmVjIDAxLTExLTE0LmNt
				cmVjAAAAAAAAAAAAAAAAAAAAAAAAAAAAAAAAAAAAAAAA
				AAAAAAAAAAAAAAAAAAAAAGdcJ872VUAAAAAAAAAAAP//
				//8AAAkgAAAAAAAAAAAAAAAAAAAAETEzODk0MjQxNzMu
				OTM2Njc3AAAQAAgAAM3I+SoAAAARAAgAAM72m5AAAAAB
				ACQAZ1weAGdOXgBnTl0AEjHUABIx0gASMakABcBWAAXA
				VQACEikAAgCgTWFjaW50b3NoIEhEOlVzZXJzOgB2aW5j
				ZW50OgBEb2N1bWVudHM6AG1ldGhvZGVzX251bWVyaXF1
				ZXM6AHRydW5rOgBjYXBzdWxlczoAUHJlc2VudGF0aW9u
				IGxhbmdhZ2UgUiAtIzY3NEU1RDoAcmVjb3JkaW5nczoA
				MTM4OTQyNDE3My45MzY2Nzc6AFJlYyAwMS0xMS0xNC5j
				bXJlYwAOACYAEgBSAGUAYwAgADAAMQAtADEAMQAtADEA
				NAAuAGMAbQByAGUAYwAPABoADABNAGEAYwBpAG4AdABv
				AHMAaAAgAEgARAASAIxVc2Vycy92aW5jZW50L0RvY3Vt
				ZW50cy9tZXRob2Rlc19udW1lcmlxdWVzL3RydW5rL2Nh
				cHN1bGVzL1ByZXNlbnRhdGlvbiBsYW5nYWdlIFIgLSAy
				LmNtcHJvai9yZWNvcmRpbmdzLzEzODk0MjQxNzMuOTM2
				Njc3L1JlYyAwMS0xMS0xNC5jbXJlYwATAAEvAAAVAAIA
				Dv//AAA=
				</data>
				<key>SourceInfoDict_SrcPath</key>
				<string>/Users/vincent/Documents/methodes_numeriques/trunk/capsules/Presentation langage R - 2.cmproj/recordings/1389424173.936677/Rec 01-11-14.cmrec</string>
			</dict>
		</dict>
		<dict>
			<key>DestPath</key>
			<string>/Users/vincent/Documents/methodes_numeriques/trunk/capsules/Presentation langage R - 2.cmproj/recordings/1389424173.937077/Rec 01-11-14 1.cmrec</string>
			<key>SourceInfoDict</key>
			<dict>
				<key>SourceInfoDict_SrcAliasData</key>
				<data>
				AAAAAAKAAAIAAQxNYWNpbnRvc2ggSEQAAAAAAAAAAAAA
				AAAAAADNyMDqSCsAAABnXB8UUmVjIDAxLTExLTE0IDEu
				Y21yZWMAAAAAAAAAAAAAAAAAAAAAAAAAAAAAAAAAAAAA
				AAAAAAAAAAAAAAAAAAAAAGdcMM72VaIAAAAAAAAAAP//
				//8AAAkgAAAAAAAAAAAAAAAAAAAAETEzODk0MjQxNzMu
				OTM3MDc3AAAQAAgAAM3I+SoAAAARAAgAAM72m/IAAAAB
				ACQAZ1wfAGdOXgBnTl0AEjHUABIx0gASMakABcBWAAXA
				VQACEikAAgCiTWFjaW50b3NoIEhEOlVzZXJzOgB2aW5j
				ZW50OgBEb2N1bWVudHM6AG1ldGhvZGVzX251bWVyaXF1
				ZXM6AHRydW5rOgBjYXBzdWxlczoAUHJlc2VudGF0aW9u
				IGxhbmdhZ2UgUiAtIzY3NEU1RDoAcmVjb3JkaW5nczoA
				MTM4OTQyNDE3My45MzcwNzc6AFJlYyAwMS0xMS0xNCAx
				LmNtcmVjAA4AKgAUAFIAZQBjACAAMAAxAC0AMQAxAC0A
				MQA0ACAAMQAuAGMAbQByAGUAYwAPABoADABNAGEAYwBp
				AG4AdABvAHMAaAAgAEgARAASAI5Vc2Vycy92aW5jZW50
				L0RvY3VtZW50cy9tZXRob2Rlc19udW1lcmlxdWVzL3Ry
				dW5rL2NhcHN1bGVzL1ByZXNlbnRhdGlvbiBsYW5nYWdl
				IFIgLSAyLmNtcHJvai9yZWNvcmRpbmdzLzEzODk0MjQx
				NzMuOTM3MDc3L1JlYyAwMS0xMS0xNCAxLmNtcmVjABMA
				AS8AABUAAgAO//8AAA==
				</data>
				<key>SourceInfoDict_SrcPath</key>
				<string>/Users/vincent/Documents/methodes_numeriques/trunk/capsules/Presentation langage R - 2.cmproj/recordings/1389424173.937077/Rec 01-11-14 1.cmrec</string>
			</dict>
		</dict>
		<dict>
			<key>DestPath</key>
			<string>/Users/vincent/Documents/methodes_numeriques/trunk/capsules/Presentation langage R - 2.cmproj/recordings/1389424173.937370/Rec 01-11-14 2.cmrec</string>
			<key>SourceInfoDict</key>
			<dict>
				<key>SourceInfoDict_SrcAliasData</key>
				<data>
				AAAAAAKAAAIAAQxNYWNpbnRvc2ggSEQAAAAAAAAAAAAA
				AAAAAADNyMDqSCsAAABnXCAUUmVjIDAxLTExLTE0IDIu
				Y21yZWMAAAAAAAAAAAAAAAAAAAAAAAAAAAAAAAAAAAAA
				AAAAAAAAAAAAAAAAAAAAAGdcN872VfkAAAAAAAAAAP//
				//8AAAkgAAAAAAAAAAAAAAAAAAAAETEzODk0MjQxNzMu
				OTM3MzcwAAAQAAgAAM3I+SoAAAARAAgAAM72nEkAAAAB
				ACQAZ1wgAGdOXgBnTl0AEjHUABIx0gASMakABcBWAAXA
				VQACEikAAgCiTWFjaW50b3NoIEhEOlVzZXJzOgB2aW5j
				ZW50OgBEb2N1bWVudHM6AG1ldGhvZGVzX251bWVyaXF1
				ZXM6AHRydW5rOgBjYXBzdWxlczoAUHJlc2VudGF0aW9u
				IGxhbmdhZ2UgUiAtIzY3NEU1RDoAcmVjb3JkaW5nczoA
				MTM4OTQyNDE3My45MzczNzA6AFJlYyAwMS0xMS0xNCAy
				LmNtcmVjAA4AKgAUAFIAZQBjACAAMAAxAC0AMQAxAC0A
				MQA0ACAAMgAuAGMAbQByAGUAYwAPABoADABNAGEAYwBp
				AG4AdABvAHMAaAAgAEgARAASAI5Vc2Vycy92aW5jZW50
				L0RvY3VtZW50cy9tZXRob2Rlc19udW1lcmlxdWVzL3Ry
				dW5rL2NhcHN1bGVzL1ByZXNlbnRhdGlvbiBsYW5nYWdl
				IFIgLSAyLmNtcHJvai9yZWNvcmRpbmdzLzEzODk0MjQx
				NzMuOTM3MzcwL1JlYyAwMS0xMS0xNCAyLmNtcmVjABMA
				AS8AABUAAgAO//8AAA==
				</data>
				<key>SourceInfoDict_SrcPath</key>
				<string>/Users/vincent/Documents/methodes_numeriques/trunk/capsules/Presentation langage R - 2.cmproj/recordings/1389424173.937370/Rec 01-11-14 2.cmrec</string>
			</dict>
		</dict>
		<dict>
			<key>DestPath</key>
			<string>/Users/vincent/Documents/methodes_numeriques/trunk/capsules/Presentation langage R - 2.cmproj/recordings/1389424173.937663/Rec 01-11-14 3.cmrec</string>
			<key>SourceInfoDict</key>
			<dict>
				<key>SourceInfoDict_SrcAliasData</key>
				<data>
				AAAAAAKAAAIAAQxNYWNpbnRvc2ggSEQAAAAAAAAAAAAA
				AAAAAADNyMDqSCsAAABnXCEUUmVjIDAxLTExLTE0IDMu
				Y21yZWMAAAAAAAAAAAAAAAAAAAAAAAAAAAAAAAAAAAAA
				AAAAAAAAAAAAAAAAAAAAAGdcPs72VloAAAAAAAAAAP//
				//8AAAkgAAAAAAAAAAAAAAAAAAAAETEzODk0MjQxNzMu
				OTM3NjYzAAAQAAgAAM3I+SoAAAARAAgAAM72nKoAAAAB
				ACQAZ1whAGdOXgBnTl0AEjHUABIx0gASMakABcBWAAXA
				VQACEikAAgCiTWFjaW50b3NoIEhEOlVzZXJzOgB2aW5j
				ZW50OgBEb2N1bWVudHM6AG1ldGhvZGVzX251bWVyaXF1
				ZXM6AHRydW5rOgBjYXBzdWxlczoAUHJlc2VudGF0aW9u
				IGxhbmdhZ2UgUiAtIzY3NEU1RDoAcmVjb3JkaW5nczoA
				MTM4OTQyNDE3My45Mzc2NjM6AFJlYyAwMS0xMS0xNCAz
				LmNtcmVjAA4AKgAUAFIAZQBjACAAMAAxAC0AMQAxAC0A
				MQA0ACAAMwAuAGMAbQByAGUAYwAPABoADABNAGEAYwBp
				AG4AdABvAHMAaAAgAEgARAASAI5Vc2Vycy92aW5jZW50
				L0RvY3VtZW50cy9tZXRob2Rlc19udW1lcmlxdWVzL3Ry
				dW5rL2NhcHN1bGVzL1ByZXNlbnRhdGlvbiBsYW5nYWdl
				IFIgLSAyLmNtcHJvai9yZWNvcmRpbmdzLzEzODk0MjQx
				NzMuOTM3NjYzL1JlYyAwMS0xMS0xNCAzLmNtcmVjABMA
				AS8AABUAAgAO//8AAA==
				</data>
				<key>SourceInfoDict_SrcPath</key>
				<string>/Users/vincent/Documents/methodes_numeriques/trunk/capsules/Presentation langage R - 2.cmproj/recordings/1389424173.937663/Rec 01-11-14 3.cmrec</string>
			</dict>
		</dict>
		<dict>
			<key>DestPath</key>
			<string>/Users/vincent/Documents/methodes_numeriques/trunk/capsules/Presentation langage R - 2.cmproj/recordings/1389424173.938054/Rec 01-11-14 4.cmrec</string>
			<key>SourceInfoDict</key>
			<dict>
				<key>SourceInfoDict_SrcAliasData</key>
				<data>
				AAAAAAKAAAIAAQxNYWNpbnRvc2ggSEQAAAAAAAAAAAAA
				AAAAAADNyMDqSCsAAABnXCIUUmVjIDAxLTExLTE0IDQu
				Y21yZWMAAAAAAAAAAAAAAAAAAAAAAAAAAAAAAAAAAAAA
				AAAAAAAAAAAAAAAAAAAAAGdcRc72VrIAAAAAAAAAAP//
				//8AAAkgAAAAAAAAAAAAAAAAAAAAETEzODk0MjQxNzMu
				OTM4MDU0AAAQAAgAAM3I+SoAAAARAAgAAM72nQIAAAAB
				ACQAZ1wiAGdOXgBnTl0AEjHUABIx0gASMakABcBWAAXA
				VQACEikAAgCiTWFjaW50b3NoIEhEOlVzZXJzOgB2aW5j
				ZW50OgBEb2N1bWVudHM6AG1ldGhvZGVzX251bWVyaXF1
				ZXM6AHRydW5rOgBjYXBzdWxlczoAUHJlc2VudGF0aW9u
				IGxhbmdhZ2UgUiAtIzY3NEU1RDoAcmVjb3JkaW5nczoA
				MTM4OTQyNDE3My45MzgwNTQ6AFJlYyAwMS0xMS0xNCA0
				LmNtcmVjAA4AKgAUAFIAZQBjACAAMAAxAC0AMQAxAC0A
				MQA0ACAANAAuAGMAbQByAGUAYwAPABoADABNAGEAYwBp
				AG4AdABvAHMAaAAgAEgARAASAI5Vc2Vycy92aW5jZW50
				L0RvY3VtZW50cy9tZXRob2Rlc19udW1lcmlxdWVzL3Ry
				dW5rL2NhcHN1bGVzL1ByZXNlbnRhdGlvbiBsYW5nYWdl
				IFIgLSAyLmNtcHJvai9yZWNvcmRpbmdzLzEzODk0MjQx
				NzMuOTM4MDU0L1JlYyAwMS0xMS0xNCA0LmNtcmVjABMA
				AS8AABUAAgAO//8AAA==
				</data>
				<key>SourceInfoDict_SrcPath</key>
				<string>/Users/vincent/Documents/methodes_numeriques/trunk/capsules/Presentation langage R - 2.cmproj/recordings/1389424173.938054/Rec 01-11-14 4.cmrec</string>
			</dict>
		</dict>
		<dict>
			<key>DestPath</key>
			<string>/Users/vincent/Documents/methodes_numeriques/trunk/capsules/Presentation langage R - 2.cmproj/recordings/1389424173.938533/Rec 01-11-14 6.cmrec</string>
			<key>SourceInfoDict</key>
			<dict>
				<key>SourceInfoDict_SrcAliasData</key>
				<data>
				AAAAAAKAAAIAAQxNYWNpbnRvc2ggSEQAAAAAAAAAAAAA
				AAAAAADNyMDqSCsAAABnXCMUUmVjIDAxLTExLTE0IDYu
				Y21yZWMAAAAAAAAAAAAAAAAAAAAAAAAAAAAAAAAAAAAA
				AAAAAAAAAAAAAAAAAAAAAGdcTM72VxcAAAAAAAAAAP//
				//8AAAkgAAAAAAAAAAAAAAAAAAAAETEzODk0MjQxNzMu
				OTM4NTMzAAAQAAgAAM3I+SoAAAARAAgAAM72nWcAAAAB
				ACQAZ1wjAGdOXgBnTl0AEjHUABIx0gASMakABcBWAAXA
				VQACEikAAgCiTWFjaW50b3NoIEhEOlVzZXJzOgB2aW5j
				ZW50OgBEb2N1bWVudHM6AG1ldGhvZGVzX251bWVyaXF1
				ZXM6AHRydW5rOgBjYXBzdWxlczoAUHJlc2VudGF0aW9u
				IGxhbmdhZ2UgUiAtIzY3NEU1RDoAcmVjb3JkaW5nczoA
				MTM4OTQyNDE3My45Mzg1MzM6AFJlYyAwMS0xMS0xNCA2
				LmNtcmVjAA4AKgAUAFIAZQBjACAAMAAxAC0AMQAxAC0A
				MQA0ACAANgAuAGMAbQByAGUAYwAPABoADABNAGEAYwBp
				AG4AdABvAHMAaAAgAEgARAASAI5Vc2Vycy92aW5jZW50
				L0RvY3VtZW50cy9tZXRob2Rlc19udW1lcmlxdWVzL3Ry
				dW5rL2NhcHN1bGVzL1ByZXNlbnRhdGlvbiBsYW5nYWdl
				IFIgLSAyLmNtcHJvai9yZWNvcmRpbmdzLzEzODk0MjQx
				NzMuOTM4NTMzL1JlYyAwMS0xMS0xNCA2LmNtcmVjABMA
				AS8AABUAAgAO//8AAA==
				</data>
				<key>SourceInfoDict_SrcPath</key>
				<string>/Users/vincent/Documents/methodes_numeriques/trunk/capsules/Presentation langage R - 2.cmproj/recordings/1389424173.938533/Rec 01-11-14 6.cmrec</string>
			</dict>
		</dict>
		<dict>
			<key>DestPath</key>
			<string>/Users/vincent/Documents/methodes_numeriques/trunk/capsules/Presentation langage R - 2.cmproj/recordings/1389424173.938978/Rec 01-11-14 7.cmrec</string>
			<key>SourceInfoDict</key>
			<dict>
				<key>SourceInfoDict_SrcAliasData</key>
				<data>
				AAAAAAKAAAIAAQxNYWNpbnRvc2ggSEQAAAAAAAAAAAAA
				AAAAAADNyMDqSCsAAABnXCQUUmVjIDAxLTExLTE0IDcu
				Y21yZWMAAAAAAAAAAAAAAAAAAAAAAAAAAAAAAAAAAAAA
				AAAAAAAAAAAAAAAAAAAAAGdcU872V1UAAAAAAAAAAP//
				//8AAAkgAAAAAAAAAAAAAAAAAAAAETEzODk0MjQxNzMu
				OTM4OTc4AAAQAAgAAM3I+SoAAAARAAgAAM72naUAAAAB
				ACQAZ1wkAGdOXgBnTl0AEjHUABIx0gASMakABcBWAAXA
				VQACEikAAgCiTWFjaW50b3NoIEhEOlVzZXJzOgB2aW5j
				ZW50OgBEb2N1bWVudHM6AG1ldGhvZGVzX251bWVyaXF1
				ZXM6AHRydW5rOgBjYXBzdWxlczoAUHJlc2VudGF0aW9u
				IGxhbmdhZ2UgUiAtIzY3NEU1RDoAcmVjb3JkaW5nczoA
				MTM4OTQyNDE3My45Mzg5Nzg6AFJlYyAwMS0xMS0xNCA3
				LmNtcmVjAA4AKgAUAFIAZQBjACAAMAAxAC0AMQAxAC0A
				MQA0ACAANwAuAGMAbQByAGUAYwAPABoADABNAGEAYwBp
				AG4AdABvAHMAaAAgAEgARAASAI5Vc2Vycy92aW5jZW50
				L0RvY3VtZW50cy9tZXRob2Rlc19udW1lcmlxdWVzL3Ry
				dW5rL2NhcHN1bGVzL1ByZXNlbnRhdGlvbiBsYW5nYWdl
				IFIgLSAyLmNtcHJvai9yZWNvcmRpbmdzLzEzODk0MjQx
				NzMuOTM4OTc4L1JlYyAwMS0xMS0xNCA3LmNtcmVjABMA
				AS8AABUAAgAO//8AAA==
				</data>
				<key>SourceInfoDict_SrcPath</key>
				<string>/Users/vincent/Documents/methodes_numeriques/trunk/capsules/Presentation langage R - 2.cmproj/recordings/1389424173.938978/Rec 01-11-14 7.cmrec</string>
			</dict>
		</dict>
		<dict>
			<key>DestPath</key>
			<string>/Users/vincent/Documents/methodes_numeriques/trunk/capsules/Presentation langage R - 2.cmproj/recordings/1389424173.939419/Rec 01-11-14 9.cmrec</string>
			<key>SourceInfoDict</key>
			<dict>
				<key>SourceInfoDict_SrcAliasData</key>
				<data>
				AAAAAAKAAAIAAQxNYWNpbnRvc2ggSEQAAAAAAAAAAAAA
				AAAAAADNyMDqSCsAAABnXCUUUmVjIDAxLTExLTE0IDku
				Y21yZWMAAAAAAAAAAAAAAAAAAAAAAAAAAAAAAAAAAAAA
				AAAAAAAAAAAAAAAAAAAAAGdcWs72WBYAAAAAAAAAAP//
				//8AAAkgAAAAAAAAAAAAAAAAAAAAETEzODk0MjQxNzMu
				OTM5NDE5AAAQAAgAAM3I+SoAAAARAAgAAM72nmYAAAAB
				ACQAZ1wlAGdOXgBnTl0AEjHUABIx0gASMakABcBWAAXA
				VQACEikAAgCiTWFjaW50b3NoIEhEOlVzZXJzOgB2aW5j
				ZW50OgBEb2N1bWVudHM6AG1ldGhvZGVzX251bWVyaXF1
				ZXM6AHRydW5rOgBjYXBzdWxlczoAUHJlc2VudGF0aW9u
				IGxhbmdhZ2UgUiAtIzY3NEU1RDoAcmVjb3JkaW5nczoA
				MTM4OTQyNDE3My45Mzk0MTk6AFJlYyAwMS0xMS0xNCA5
				LmNtcmVjAA4AKgAUAFIAZQBjACAAMAAxAC0AMQAxAC0A
				MQA0ACAAOQAuAGMAbQByAGUAYwAPABoADABNAGEAYwBp
				AG4AdABvAHMAaAAgAEgARAASAI5Vc2Vycy92aW5jZW50
				L0RvY3VtZW50cy9tZXRob2Rlc19udW1lcmlxdWVzL3Ry
				dW5rL2NhcHN1bGVzL1ByZXNlbnRhdGlvbiBsYW5nYWdl
				IFIgLSAyLmNtcHJvai9yZWNvcmRpbmdzLzEzODk0MjQx
				NzMuOTM5NDE5L1JlYyAwMS0xMS0xNCA5LmNtcmVjABMA
				AS8AABUAAgAO//8AAA==
				</data>
				<key>SourceInfoDict_SrcPath</key>
				<string>/Users/vincent/Documents/methodes_numeriques/trunk/capsules/Presentation langage R - 2.cmproj/recordings/1389424173.939419/Rec 01-11-14 9.cmrec</string>
			</dict>
		</dict>
		<dict>
			<key>DestPath</key>
			<string>/Users/vincent/Documents/methodes_numeriques/trunk/capsules/Presentation langage R - 2.cmproj/media/1389461511.227826/Programming_Languages_Influence_Network_Graph_freebase_yaph.jpg</string>
			<key>SourceInfoDict</key>
			<dict>
				<key>SourceInfoDict_SrcAliasData</key>
				<data>
				AAAAAAMCAAIAAAxNYWNpbnRvc2ggSEQAAAAAAAAAAAAA
				AAAAAADNyMDqSCsAAABnkpcfUHJvZ3JhbW1pbmdfTGFu
				Z3VhZ2UjNjc5Mjk5LmpwZwAAAAAAAAAAAAAAAAAAAAAA
				AAAAAAAAAAAAAAAAAAAAAGeSmc725mEAAAAAAAAAAP//
				//8AAAkgAAAAAAAAAAAAAAAAAAAAETEzODk0NjE1MTEu
				MjI3ODI2AAAQAAgAAM3I+SoAAAARAAgAAM73LLEAAAAB
				ACQAZ5KXAGdOXwBnTl0AEjHUABIx0gASMakABcBWAAXA
				VQACEikAAgCoTWFjaW50b3NoIEhEOlVzZXJzOgB2aW5j
				ZW50OgBEb2N1bWVudHM6AG1ldGhvZGVzX251bWVyaXF1
				ZXM6AHRydW5rOgBjYXBzdWxlczoAUHJlc2VudGF0aW9u
				IGxhbmdhZ2UgUiAtIzY3NEU1RDoAbWVkaWE6ADEzODk0
				NjE1MTEuMjI3ODI2OgBQcm9ncmFtbWluZ19MYW5ndWFn
				ZSM2NzkyOTkuanBnAA4AgAA/AFAAcgBvAGcAcgBhAG0A
				bQBpAG4AZwBfAEwAYQBuAGcAdQBhAGcAZQBzAF8ASQBu
				AGYAbAB1AGUAbgBjAGUAXwBOAGUAdAB3AG8AcgBrAF8A
				RwByAGEAcABoAF8AZgByAGUAZQBiAGEAcwBlAF8AeQBh
				AHAAaAAuAGoAcABnAA8AGgAMAE0AYQBjAGkAbgB0AG8A
				cwBoACAASABEABIAtFVzZXJzL3ZpbmNlbnQvRG9jdW1l
				bnRzL21ldGhvZGVzX251bWVyaXF1ZXMvdHJ1bmsvY2Fw
				c3VsZXMvUHJlc2VudGF0aW9uIGxhbmdhZ2UgUiAtIDIu
				Y21wcm9qL21lZGlhLzEzODk0NjE1MTEuMjI3ODI2L1By
				b2dyYW1taW5nX0xhbmd1YWdlc19JbmZsdWVuY2VfTmV0
				d29ya19HcmFwaF9mcmVlYmFzZV95YXBoLmpwZwATAAEv
				AAAVAAIADv//AAA=
				</data>
				<key>SourceInfoDict_SrcPath</key>
				<string>/Users/vincent/Documents/methodes_numeriques/trunk/capsules/Presentation langage R - 2.cmproj/media/1389461511.227826/Programming_Languages_Influence_Network_Graph_freebase_yaph.jpg</string>
			</dict>
		</dict>
		<dict>
			<key>DestPath</key>
			<string>/Users/vincent/Documents/methodes_numeriques/trunk/capsules/Presentation langage R - 2.cmproj/media/1389472225.061358/Programming_Languages_Influence_Network_Graph_freebase_yaph.jpg</string>
			<key>SourceInfoDict</key>
			<dict>
				<key>SourceInfoDict_SrcAliasData</key>
				<data>
				AAAAAAMCAAIAAAxNYWNpbnRvc2ggSEQAAAAAAAAAAAAA
				AAAAAADNyMDqSCsAAABnmP0fUHJvZ3JhbW1pbmdfTGFu
				Z3VhZ2UjNjc5OEZGLmpwZwAAAAAAAAAAAAAAAAAAAAAA
				AAAAAAAAAAAAAAAAAAAAAGeY/8725mEAAAAAAAAAAP//
				//8AAAkgAAAAAAAAAAAAAAAAAAAAETEzODk0NzIyMjUu
				MDYxMzU4AAAQAAgAAM3I+SoAAAARAAgAAM73LLEAAAAB
				ACQAZ5j9AGdOXwBnTl0AEjHUABIx0gASMakABcBWAAXA
				VQACEikAAgCoTWFjaW50b3NoIEhEOlVzZXJzOgB2aW5j
				ZW50OgBEb2N1bWVudHM6AG1ldGhvZGVzX251bWVyaXF1
				ZXM6AHRydW5rOgBjYXBzdWxlczoAUHJlc2VudGF0aW9u
				IGxhbmdhZ2UgUiAtIzY3NEU1RDoAbWVkaWE6ADEzODk0
				NzIyMjUuMDYxMzU4OgBQcm9ncmFtbWluZ19MYW5ndWFn
				ZSM2Nzk4RkYuanBnAA4AgAA/AFAAcgBvAGcAcgBhAG0A
				bQBpAG4AZwBfAEwAYQBuAGcAdQBhAGcAZQBzAF8ASQBu
				AGYAbAB1AGUAbgBjAGUAXwBOAGUAdAB3AG8AcgBrAF8A
				RwByAGEAcABoAF8AZgByAGUAZQBiAGEAcwBlAF8AeQBh
				AHAAaAAuAGoAcABnAA8AGgAMAE0AYQBjAGkAbgB0AG8A
				cwBoACAASABEABIAtFVzZXJzL3ZpbmNlbnQvRG9jdW1l
				bnRzL21ldGhvZGVzX251bWVyaXF1ZXMvdHJ1bmsvY2Fw
				c3VsZXMvUHJlc2VudGF0aW9uIGxhbmdhZ2UgUiAtIDIu
				Y21wcm9qL21lZGlhLzEzODk0NzIyMjUuMDYxMzU4L1By
				b2dyYW1taW5nX0xhbmd1YWdlc19JbmZsdWVuY2VfTmV0
				d29ya19HcmFwaF9mcmVlYmFzZV95YXBoLmpwZwATAAEv
				AAAVAAIADv//AAA=
				</data>
				<key>SourceInfoDict_SrcPath</key>
				<string>/Users/vincent/Documents/methodes_numeriques/trunk/capsules/Presentation langage R - 2.cmproj/media/1389472225.061358/Programming_Languages_Influence_Network_Graph_freebase_yaph.jpg</string>
			</dict>
		</dict>
		<dict>
			<key>DestPath</key>
			<string>/Users/vincent/Documents/methodes_numeriques/trunk/capsules/Presentation langage R - 2.cmproj/media/1389482322.247630/hein518_563x420.jpg</string>
			<key>SourceInfoDict</key>
			<dict>
				<key>SourceInfoDict_SrcAliasData</key>
				<data>
				AAAAAAJyAAIAAAxNYWNpbnRvc2ggSEQAAAAAAAAAAAAA
				AAAAAADNyMDqSCsAAABnpDATaGVpbjUxOF81NjN4NDIw
				LmpwZwAAAAAAAAAAAAAAAAAAAAAAAAAAAAAAAAAAAAAA
				AAAAAAAAAAAAAAAAAAAAAGekMs73OroAAAAAAAAAAP//
				//8AAAkgAAAAAAAAAAAAAAAAAAAAETEzODk0ODIzMjIu
				MjQ3NjMwAAAQAAgAAM3I+SoAAAARAAgAAM73gQoAAAAB
				ACQAZ6QwAGdOXwBnTl0AEjHUABIx0gASMakABcBWAAXA
				VQACEikAAgCcTWFjaW50b3NoIEhEOlVzZXJzOgB2aW5j
				ZW50OgBEb2N1bWVudHM6AG1ldGhvZGVzX251bWVyaXF1
				ZXM6AHRydW5rOgBjYXBzdWxlczoAUHJlc2VudGF0aW9u
				IGxhbmdhZ2UgUiAtIzY3NEU1RDoAbWVkaWE6ADEzODk0
				ODIzMjIuMjQ3NjMwOgBoZWluNTE4XzU2M3g0MjAuanBn
				AA4AKAATAGgAZQBpAG4ANQAxADgAXwA1ADYAMwB4ADQA
				MgAwAC4AagBwAGcADwAaAAwATQBhAGMAaQBuAHQAbwBz
				AGgAIABIAEQAEgCIVXNlcnMvdmluY2VudC9Eb2N1bWVu
				dHMvbWV0aG9kZXNfbnVtZXJpcXVlcy90cnVuay9jYXBz
				dWxlcy9QcmVzZW50YXRpb24gbGFuZ2FnZSBSIC0gMi5j
				bXByb2ovbWVkaWEvMTM4OTQ4MjMyMi4yNDc2MzAvaGVp
				bjUxOF81NjN4NDIwLmpwZwATAAEvAAAVAAIADv//AAA=
				</data>
				<key>SourceInfoDict_SrcPath</key>
				<string>/Users/vincent/Documents/methodes_numeriques/trunk/capsules/Presentation langage R - 2.cmproj/media/1389482322.247630/hein518_563x420.jpg</string>
			</dict>
		</dict>
		<dict>
			<key>DestPath</key>
			<string>/Users/vincent/Documents/methodes_numeriques/trunk/capsules/Presentation langage R - 2.cmproj/media/1389514510.921073/Copyright.pdf</string>
			<key>SourceInfoDict</key>
			<dict>
				<key>SourceInfoDict_SrcAliasData</key>
				<data>
				AAAAAAJaAAIAAAxNYWNpbnRvc2ggSEQAAAAAAAAAAAAA
				AAAAAADNyMDqSCsAAABn9wcNQ29weXJpZ2h0LnBkZgAA
				AAAAAAAAAAAAAAAAAAAAAAAAAAAAAAAAAAAAAAAAAAAA
				AAAAAAAAAAAAAAAAAAAAAGf3Cs73t8EAAAAAAAAAAP//
				//8AAAkgAAAAAAAAAAAAAAAAAAAAETEzODk1MTQ1MTAu
				OTIxMDczAAAQAAgAAM3I+SoAAAARAAgAAM73/hEAAAAB
				ACQAZ/cHAGdOXwBnTl0AEjHUABIx0gASMakABcBWAAXA
				VQACEikAAgCWTWFjaW50b3NoIEhEOlVzZXJzOgB2aW5j
				ZW50OgBEb2N1bWVudHM6AG1ldGhvZGVzX251bWVyaXF1
				ZXM6AHRydW5rOgBjYXBzdWxlczoAUHJlc2VudGF0aW9u
				IGxhbmdhZ2UgUiAtIzY3NEU1RDoAbWVkaWE6ADEzODk1
				MTQ1MTAuOTIxMDczOgBDb3B5cmlnaHQucGRmAA4AHAAN
				AEMAbwBwAHkAcgBpAGcAaAB0AC4AcABkAGYADwAaAAwA
				TQBhAGMAaQBuAHQAbwBzAGgAIABIAEQAEgCCVXNlcnMv
				dmluY2VudC9Eb2N1bWVudHMvbWV0aG9kZXNfbnVtZXJp
				cXVlcy90cnVuay9jYXBzdWxlcy9QcmVzZW50YXRpb24g
				bGFuZ2FnZSBSIC0gMi5jbXByb2ovbWVkaWEvMTM4OTUx
				NDUxMC45MjEwNzMvQ29weXJpZ2h0LnBkZgATAAEvAAAV
				AAIADv//AAA=
				</data>
				<key>SourceInfoDict_SrcPath</key>
				<string>/Users/vincent/Documents/methodes_numeriques/trunk/capsules/Presentation langage R - 2.cmproj/media/1389514510.921073/Copyright.pdf</string>
			</dict>
		</dict>
		<dict>
			<key>DestPath</key>
			<string>/Users/vincent/Documents/intro_r/trunk/capsules/Presentation langage R.cmproj/media/1389580066.558621/harfang_16x9.jpg</string>
			<key>SourceInfoDict</key>
			<dict>
				<key>SourceInfoDict_SrcAliasData</key>
				<data>
				AAAAAAJiAAIAABRNYWNpbnRvc2ggSEQgKFJBSUQxKQAA
				AAAAAADCWpZFSCsAAAWr6x8QaGFyZmFuZ18xNng5Lmpw
				ZwAAAAAAAAAAAAAAAAAAAAAAAAAAAAAAAAAAAAAAAAAA
				AAAAAAAAAAAAAAAAAAAABavrIs1I9BMAAAAAAAAAAP//
				//8AAAkgAAAAAAAAAAAAAAAAAAAAETEzODk1ODAwNjYu
				NTU4NjIxAAAQAAgAAMJazoUAAAARAAgAAM1JOmMAAAAB
				ACQFq+sfBavpTwWr6UsFq+SxBRXqQAUV6jAAJSWRACUG
				jQAcyMEAAgCTTWFjaW50b3NoIEhEIChSQUlEMSk6VXNl
				cnM6AHZpbmNlbnQ6AERvY3VtZW50czoAaW50cm9fcjoA
				dHJ1bms6AGNhcHN1bGVzOgBQcmVzZW50YXRpb24gbGFu
				Z2FnZSBSLmNtcHJvajoAbWVkaWE6ADEzODk1ODAwNjYu
				NTU4NjIxOgBoYXJmYW5nXzE2eDkuanBnAAAOACIAEABo
				AGEAcgBmAGEAbgBnAF8AMQA2AHgAOQAuAGoAcABnAA8A
				KgAUAE0AYQBjAGkAbgB0AG8AcwBoACAASABEACAAKABS
				AEEASQBEADEAKQASAHVVc2Vycy92aW5jZW50L0RvY3Vt
				ZW50cy9pbnRyb19yL3RydW5rL2NhcHN1bGVzL1ByZXNl
				bnRhdGlvbiBsYW5nYWdlIFIuY21wcm9qL21lZGlhLzEz
				ODk1ODAwNjYuNTU4NjIxL2hhcmZhbmdfMTZ4OS5qcGcA
				ABMAAS8AABUAAgAO//8AAA==
				</data>
				<key>SourceInfoDict_SrcPath</key>
				<string>/Users/vincent/Documents/intro_r/trunk/capsules/Presentation langage R.cmproj/media/1389580066.558621/harfang_16x9.jpg</string>
			</dict>
		</dict>
		<dict>
			<key>DestPath</key>
			<string>/Users/vincent/Documents/programmer-avec-r/video/Presentation langage R.cmproj/media/1505098301.413166/Xerus_inauris_1.jpg</string>
			<key>SourceInfoDict</key>
			<dict>
				<key>SourceInfoDict_SrcAliasData</key>
				<data>
				AAAAAAJSAAIAAAxNYWNpbnRvc2ggSEQAAAAAAAAAAAAA
				AAAAAADNyMDqSCsAAANsLmgTWGVydXNfaW5hdXJpc18x
				LmpwZwAAAAAAAAAAAAAAAAAAAAAAAAAAAAAAAAAAAAAA
				AAAAAAAAAAAAAAAAAAAAA2wua9XNDOYAAAAAAAAAAP//
				//8AAAkgAAAAAAAAAAAAAAAAAAAAETE1MDUwOTgzMDEu
				NDEzMTY2AAAQAAgAAM3I+SoAAAARAAgAANXNRSYAAAAB
				ACADbC5oA2wfwgNsH8ADbBSuA0Af8gAFwFYABcBVAAIS
				KQACAI5NYWNpbnRvc2ggSEQ6VXNlcnM6AHZpbmNlbnQ6
				AERvY3VtZW50czoAcHJvZ3JhbW1lci1hdmVjLXI6AHZp
				ZGVvOgBQcmVzZW50YXRpb24gbGFuZ2FnZSBSLmNtcHJv
				ajoAbWVkaWE6ADE1MDUwOTgzMDEuNDEzMTY2OgBYZXJ1
				c19pbmF1cmlzXzEuanBnAA4AKAATAFgAZQByAHUAcwBf
				AGkAbgBhAHUAcgBpAHMAXwAxAC4AagBwAGcADwAaAAwA
				TQBhAGMAaQBuAHQAbwBzAGgAIABIAEQAEgB5VXNlcnMv
				dmluY2VudC9Eb2N1bWVudHMvcHJvZ3JhbW1lci1hdmVj
				LXIvdmlkZW8vUHJlc2VudGF0aW9uIGxhbmdhZ2UgUi5j
				bXByb2ovbWVkaWEvMTUwNTA5ODMwMS40MTMxNjYvWGVy
				dXNfaW5hdXJpc18xLmpwZwAAEwABLwAAFQACAA7//wAA
				</data>
				<key>SourceInfoDict_SrcPath</key>
				<string>/Users/vincent/Documents/programmer-avec-r/video/Presentation langage R.cmproj/media/1505098301.413166/Xerus_inauris_1.jpg</string>
			</dict>
		</dict>
		<dict>
			<key>DestPath</key>
			<string>/Users/vincent/Documents/programmer-avec-r/video/Presentation langage R.cmproj/media/1505098301.414331/02 Staircase.m4a</string>
			<key>SourceInfoDict</key>
			<dict>
				<key>SourceInfoDict_SrcAliasData</key>
				<data>
				AAAAAAJGAAIAAAxNYWNpbnRvc2ggSEQAAAAAAAAAAAAA
				AAAAAADNyMDqSCsAAANsLmkQMDIgU3RhaXJjYXNlLm00
				YQAAAAAAAAAAAAAAAAAAAAAAAAAAAAAAAAAAAAAAAAAA
				AAAAAAAAAAAAAAAAAAAAA2wucM3fzXQAAAAAaG9va///
				//8AAAkgAAAAAAAAAAAAAAAAAAAAETE1MDUwOTgzMDEu
				NDE0MzMxAAAQAAgAAM3I+SoAAAARAAgAAM3gBbQAAAAB
				ACADbC5pA2wfwgNsH8ADbBSuA0Af8gAFwFYABcBVAAIS
				KQACAItNYWNpbnRvc2ggSEQ6VXNlcnM6AHZpbmNlbnQ6
				AERvY3VtZW50czoAcHJvZ3JhbW1lci1hdmVjLXI6AHZp
				ZGVvOgBQcmVzZW50YXRpb24gbGFuZ2FnZSBSLmNtcHJv
				ajoAbWVkaWE6ADE1MDUwOTgzMDEuNDE0MzMxOgAwMiBT
				dGFpcmNhc2UubTRhAAAOACIAEAAwADIAIABTAHQAYQBp
				AHIAYwBhAHMAZQAuAG0ANABhAA8AGgAMAE0AYQBjAGkA
				bgB0AG8AcwBoACAASABEABIAdlVzZXJzL3ZpbmNlbnQv
				RG9jdW1lbnRzL3Byb2dyYW1tZXItYXZlYy1yL3ZpZGVv
				L1ByZXNlbnRhdGlvbiBsYW5nYWdlIFIuY21wcm9qL21l
				ZGlhLzE1MDUwOTgzMDEuNDE0MzMxLzAyIFN0YWlyY2Fz
				ZS5tNGEAEwABLwAAFQACAA7//wAA
				</data>
				<key>SourceInfoDict_SrcPath</key>
				<string>/Users/vincent/Documents/programmer-avec-r/video/Presentation langage R.cmproj/media/1505098301.414331/02 Staircase.m4a</string>
			</dict>
		</dict>
		<dict>
			<key>DestPath</key>
			<string>/Users/vincent/Documents/programmer-avec-r/video/Presentation langage R.cmproj/media/1505098490.796530/by-sa.pdf</string>
			<key>SourceInfoDict</key>
			<dict>
				<key>SourceInfoDict_SrcAliasData</key>
				<data>
				AAAAAAIqAAIAAAxNYWNpbnRvc2ggSEQAAAAAAAAAAAAA
				AAAAAADNyMDqSCsAAANsLpgJYnktc2EucGRmAAAAAAAA
				AAAAAAAAAAAAAAAAAAAAAAAAAAAAAAAAAAAAAAAAAAAA
				AAAAAAAAAAAAAAAAAAAAA2wumtB4a6cAAAAAAAAAAP//
				//8AAAkgAAAAAAAAAAAAAAAAAAAAETE1MDUwOTg0OTAu
				Nzk2NTMwAAAQAAgAAM3I+SoAAAARAAgAANB4o+cAAAAB
				ACADbC6YA2wfwgNsH8ADbBSuA0Af8gAFwFYABcBVAAIS
				KQACAIRNYWNpbnRvc2ggSEQ6VXNlcnM6AHZpbmNlbnQ6
				AERvY3VtZW50czoAcHJvZ3JhbW1lci1hdmVjLXI6AHZp
				ZGVvOgBQcmVzZW50YXRpb24gbGFuZ2FnZSBSLmNtcHJv
				ajoAbWVkaWE6ADE1MDUwOTg0OTAuNzk2NTMwOgBieS1z
				YS5wZGYADgAUAAkAYgB5AC0AcwBhAC4AcABkAGYADwAa
				AAwATQBhAGMAaQBuAHQAbwBzAGgAIABIAEQAEgBvVXNl
				cnMvdmluY2VudC9Eb2N1bWVudHMvcHJvZ3JhbW1lci1h
				dmVjLXIvdmlkZW8vUHJlc2VudGF0aW9uIGxhbmdhZ2Ug
				Ui5jbXByb2ovbWVkaWEvMTUwNTA5ODQ5MC43OTY1MzAv
				Ynktc2EucGRmAAATAAEvAAAVAAIADv//AAA=
				</data>
				<key>SourceInfoDict_SrcPath</key>
				<string>/Users/vincent/Documents/programmer-avec-r/video/Presentation langage R.cmproj/media/1505098490.796530/by-sa.pdf</string>
			</dict>
		</dict>
	</array>
</dict>
</plist>
